,f1_mean,f2_mean,f1_var,f2_var,f1_std,f2_std,f1_range,f2_range,mfcc0,mfcc1,mfcc2,mfcc3,mfcc4,mfcc5,mfcc6,mfcc7,mfcc8,mfcc9,mfcc10,mfcc11,mfcc12,mfcc0_de,mfcc1_de,mfcc2_de,mfcc3_de,mfcc4_de,mfcc5_de,mfcc6_de,mfcc7_de,mfcc8_de,mfcc9_de,mfcc10_de,mfcc11_de,mfcc12_de,F0_var,F0_std,Loudness_var,Loudness_std,jitter,shimmer,hnr,au_12,au_14,au_15
corr_coeff,0.10351583343197024,0.05173384273314972,0.050536448682122086,-0.020044456660811973,0.050536448682122086,-0.020044456660811973,0.10119899917909629,0.04631891616538618,-0.009047232025572097,-0.02514068955104015,-0.027359508302369953,0.046488007235301526,0.09775470006343089,-0.11708840104053092,0.010955954950379185,0.034442991156654036,-0.04016973312114281,0.008673512101555814,-0.11614951570995014,0.06028583854039349,-0.048770450084124894,0.12701433343959528,-0.046273060959985415,0.10685581195534889,-0.06509146406639428,-0.08476105442305495,-0.15922704204356936,-0.10082871839548507,-0.0807017223649517,-0.15481749085421767,-0.10646145718890226,-0.20355985462503462,-0.11333744523874785,0.17257033362512614,0.025678341834364186,0.025678341834364186,-0.05685873512675338,-0.05685873512675338,0.040401301908416704,-0.07099474857167602,0.0399496281352191,-0.16728552120268728,-0.2021182816052479,-0.07140114032954036
p,0.1267029827096633,0.44622720803758353,0.45683604852575177,0.7680221845281605,0.45683604852575177,0.7680221845281605,0.1354704195157906,0.495301724458029,0.8940958505385812,0.7113992106491536,0.6872115586842698,0.4937271894905719,0.1493548312880092,0.08384752432147177,0.8719277633983917,0.6121946697720917,0.5543230985701922,0.898446458726726,0.0863767879081787,0.37462079925250924,0.47273643713386904,0.06058793370500809,0.49572917558193563,0.11484389410281985,0.3376744697407893,0.21151137795916958,0.018377495103333173,0.1369137740003475,0.2342890729086904,0.021916405570611492,0.1161972221442055,0.0024705321619657833,0.09431991031426337,0.010515021729709084,0.7055105375739357,0.7055105375739357,0.4024269377740779,0.4024269377740779,0.5520400293448842,0.29559142005260824,0.5564973884588925,0.013177882400590965,0.00265549288847509,0.29282860937150496
