,f1_mean,f2_mean,f1_var,f2_var,f1_std,f2_std,f1_range,f2_range,mfcc0,mfcc1,mfcc2,mfcc3,mfcc4,mfcc5,mfcc6,mfcc7,mfcc8,mfcc9,mfcc10,mfcc11,mfcc12,F0_var,F0_std,Loudness_var,Loudness_std
corr_coeff,0.09335890543569948,0.04797887460089409,0.06200884788332746,-0.048082048813045834,0.06200884788332746,-0.048082048813045834,0.03749809421648039,-0.1127510717996855,-0.041238159406980765,-0.02298148256673135,-0.018318008177472953,0.05029570885376804,0.08448649638071783,-0.12576248633215426,-0.0036724287625342386,0.01670046580696076,-0.061376619238864324,0.007101824936444391,-0.12208776480934996,0.0529937145015359,-0.06480257627236942,0.025868640936777387,0.025868640936777387,-0.04786824891786474,-0.04786824891786474
p,0.1686088385988035,0.47996048900295263,0.3610980049264546,0.47901552844602213,0.3610980049264546,0.47901552844602213,0.580989748732015,0.09604730844308518,0.5438277672679446,0.7352175539723602,0.7875041344756915,0.4589858537197724,0.2129999482861886,0.06319073691358651,0.9569063651604116,0.8058780052897478,0.3660242425878636,0.9167747297626038,0.07136536394968257,0.4352167762550103,0.33982751191257554,0.7034304423071334,0.7034304423071334,0.4809748171432352,0.4809748171432352
