,f1_mean,f2_mean,f1_var,f2_var,f1_std,f2_std,f1_range,f2_range,mfcc0,mfcc1,mfcc2,mfcc3,mfcc4,mfcc5,mfcc6,mfcc7,mfcc8,mfcc9,mfcc10,mfcc11,mfcc12,mfcc0_de,mfcc1_de,mfcc2_de,mfcc3_de,mfcc4_de,mfcc5_de,mfcc6_de,mfcc7_de,mfcc8_de,mfcc9_de,mfcc10_de,mfcc11_de,mfcc12_de,F0_var,F0_std,Loudness_var,Loudness_std,jitter,shimmer,hnr,au_12,au_14,au_15,vert_head_pitch,vert_eye_gaze
corr_coeff,-0.010599337854034276,-0.04154946627724056,0.03414207557930769,0.010889444539331909,0.03414207557930769,0.010889444539331909,0.022040371904345418,-0.05981535680140693,0.04496963069244278,-0.06066865726509568,0.06917613251367717,0.03252676155557048,0.060676393443370294,-0.05831685906961622,-0.05799348681773779,0.013679110425153936,0.02636953726681354,-0.057530863356916505,0.06369427658829313,-0.06916298101061034,-0.05165987766431989,0.14811377477424909,-0.1639860917402531,0.12053275198963262,-0.022284061519995426,-0.14719935850219093,-0.14355020321006046,-0.18636917634216343,-0.05608187716608327,-0.15432747316441062,-0.1669382173698418,-0.08880900573896598,-0.16840112868156934,0.1748538749804161,-0.028041325391955366,-0.028041325391955366,-0.09121031547540291,-0.09121031547540291,0.009999010419925044,0.06503805075459176,-0.026388877712500054,-0.18250727614748136,-0.135227622622242,-0.1029391353575293,0.0340933376561777,0.0936495324853854
p,0.8760625008704693,0.5407883222069152,0.6153076704514587,0.8726986471730591,0.6153076704514587,0.8726986471730591,0.7456802384992287,0.3783666660435312,0.5079607729482353,0.3715897480478968,0.3081668488129547,0.6321348959572121,0.37152865129594503,0.39044919968032044,0.39308680142757924,0.8404770722008128,0.6979658749774369,0.39687879846433405,0.34816838265170147,0.3082590507396155,0.4468784705437744,0.028419879769721847,0.015125794418190308,0.07507447368703334,0.7429664876296684,0.029423759759423882,0.03373705646928397,0.0056660146611391005,0.4088967802490032,0.022343845852778235,0.013371989409368052,0.19042575471549691,0.012571009402993778,0.009519866321840735,0.6798410251657401,0.6798410251657401,0.1786672836673454,0.1786672836673454,0.8830304336916566,0.33807189476115185,0.6977551882093983,0.006765167955325648,0.045616497958230064,0.1288432165440984,0.6158125186894614,0.16728135915254563
